MODEL NAME,CATEGORY,YEAR NUMBER,MONTH,Total
ADV150,AT,Year: 2020,1,2231
ADV150,AT,Year: 2020,2,1872
ADV150,AT,Year: 2020,3,1812
ADV150,AT,Year: 2020,4,873
ADV150,AT,Year: 2020,5,1111
ADV150,AT,Year: 2020,6,1389
ADV150,AT,Year: 2020,7,1325
ADV150,AT,Year: 2020,8,1420
ADV150,AT,Year: 2020,9,1129
ADV150,AT,Year: 2020,10,1010
ADV150,AT,Year: 2020,11,878
ADV150,AT,Year: 2020,12,1088
CB150R,SPORT,Year: 2020,1,514
CB150R,SPORT,Year: 2020,2,532
CB150R,SPORT,Year: 2020,3,652
CB150R,SPORT,Year: 2020,4,250
CB150R,SPORT,Year: 2020,5,262
CB150R,SPORT,Year: 2020,6,376
CB150R,SPORT,Year: 2020,7,398
CB150R,SPORT,Year: 2020,8,387
CB150R,SPORT,Year: 2020,9,323
CB150R,SPORT,Year: 2020,10,326
CB150R,SPORT,Year: 2020,11,245
CB150R,SPORT,Year: 2020,12,233
CB300F,SPORT,Year: 2020,1,5
CB300F,SPORT,Year: 2020,2,5
CB300F,SPORT,Year: 2020,3,3
CB300F,SPORT,Year: 2020,4,4
CB300F,SPORT,Year: 2020,5,5
CB300F,SPORT,Year: 2020,6,7
CB300F,SPORT,Year: 2020,7,11
CB300F,SPORT,Year: 2020,8,8
CB300F,SPORT,Year: 2020,9,4
CB300F,SPORT,Year: 2020,10,7
CB300F,SPORT,Year: 2020,11,6
CB300F,SPORT,Year: 2020,12,5
CB300R,SPORT,Year: 2020,1,159
CB300R,SPORT,Year: 2020,2,70
CB300R,SPORT,Year: 2020,3,150
CB300R,SPORT,Year: 2020,4,38
CB300R,SPORT,Year: 2020,5,55
CB300R,SPORT,Year: 2020,6,89
CB300R,SPORT,Year: 2020,7,69
CB300R,SPORT,Year: 2020,8,85
CB300R,SPORT,Year: 2020,9,110
CB300R,SPORT,Year: 2020,10,85
CB300R,SPORT,Year: 2020,11,70
CB300R,SPORT,Year: 2020,12,36
CBR150,SPORT,Year: 2020,1,41
CBR150,SPORT,Year: 2020,2,39
CBR150,SPORT,Year: 2020,3,23
CBR150,SPORT,Year: 2020,4,14
CBR150,SPORT,Year: 2020,5,14
CBR150,SPORT,Year: 2020,6,12
CBR150,SPORT,Year: 2020,7,14
CBR150,SPORT,Year: 2020,8,23
CBR150,SPORT,Year: 2020,9,15
CBR150,SPORT,Year: 2020,10,15
CBR150,SPORT,Year: 2020,11,21
CBR150,SPORT,Year: 2020,12,12
CBR150R,SPORT,Year: 2020,1,681
CBR150R,SPORT,Year: 2020,2,571
CBR150R,SPORT,Year: 2020,3,669
CBR150R,SPORT,Year: 2020,4,287
CBR150R,SPORT,Year: 2020,5,392
CBR150R,SPORT,Year: 2020,6,472
CBR150R,SPORT,Year: 2020,7,453
CBR150R,SPORT,Year: 2020,8,517
CBR150R,SPORT,Year: 2020,9,398
CBR150R,SPORT,Year: 2020,10,405
CBR150R,SPORT,Year: 2020,11,380
CBR150R,SPORT,Year: 2020,12,427
CBR250RR,SPORT,Year: 2020,1,10
CBR250RR,SPORT,Year: 2020,2,19
CBR250RR,SPORT,Year: 2020,3,36
CBR250RR,SPORT,Year: 2020,4,17
CBR250RR,SPORT,Year: 2020,5,16
CBR250RR,SPORT,Year: 2020,6,14
CBR250RR,SPORT,Year: 2020,7,15
CBR250RR,SPORT,Year: 2020,8,21
CBR250RR,SPORT,Year: 2020,9,18
CBR250RR,SPORT,Year: 2020,10,28
CBR250RR,SPORT,Year: 2020,11,42
CBR250RR,SPORT,Year: 2020,12,35
CBR300R,SPORT,Year: 2020,1,46
CBR300R,SPORT,Year: 2020,2,31
CBR300R,SPORT,Year: 2020,3,36
CBR300R,SPORT,Year: 2020,4,17
CBR300R,SPORT,Year: 2020,5,12
CBR300R,SPORT,Year: 2020,6,20
CBR300R,SPORT,Year: 2020,7,44
CBR300R,SPORT,Year: 2020,8,28
CBR300R,SPORT,Year: 2020,9,24
CBR300R,SPORT,Year: 2020,10,24
CBR300R,SPORT,Year: 2020,11,14
CBR300R,SPORT,Year: 2020,12,14
CLICK125i,AT,Year: 2020,1,6209
CLICK125i,AT,Year: 2020,2,6724
CLICK125i,AT,Year: 2020,3,6425
CLICK125i,AT,Year: 2020,4,2681
CLICK125i,AT,Year: 2020,5,3479
CLICK125i,AT,Year: 2020,6,5321
CLICK125i,AT,Year: 2020,7,5095
CLICK125i,AT,Year: 2020,8,4086
CLICK125i,AT,Year: 2020,9,2855
CLICK125i,AT,Year: 2020,10,3724
CLICK125i,AT,Year: 2020,11,4415
CLICK125i,AT,Year: 2020,12,3345
CLICK150i,AT,Year: 2020,1,5250
CLICK150i,AT,Year: 2020,2,6096
CLICK150i,AT,Year: 2020,3,8277
CLICK150i,AT,Year: 2020,4,2495
CLICK150i,AT,Year: 2020,5,3753
CLICK150i,AT,Year: 2020,6,3734
CLICK150i,AT,Year: 2020,7,5103
CLICK150i,AT,Year: 2020,8,4950
CLICK150i,AT,Year: 2020,9,3517
CLICK150i,AT,Year: 2020,10,4105
CLICK150i,AT,Year: 2020,11,6155
CLICK150i,AT,Year: 2020,12,5044
CRF250L,SPORT,Year: 2020,1,203
CRF250L,SPORT,Year: 2020,2,256
CRF250L,SPORT,Year: 2020,3,378
CRF250L,SPORT,Year: 2020,4,133
CRF250L,SPORT,Year: 2020,5,129
CRF250L,SPORT,Year: 2020,6,200
CRF250L,SPORT,Year: 2020,7,375
CRF250L,SPORT,Year: 2020,8,283
CRF250L,SPORT,Year: 2020,9,179
CRF250L,SPORT,Year: 2020,10,79
CRF250L,SPORT,Year: 2020,11,23
CRF250L,SPORT,Year: 2020,12,9
CRF250M,SPORT,Year: 2020,4,1
CRF250M,SPORT,Year: 2020,5,2
CRF250M,SPORT,Year: 2020,10,1
CRF250M,SPORT,Year: 2020,12,1
CRF250RALLY,SPORT,Year: 2020,1,81
CRF250RALLY,SPORT,Year: 2020,2,51
CRF250RALLY,SPORT,Year: 2020,3,123
CRF250RALLY,SPORT,Year: 2020,4,40
CRF250RALLY,SPORT,Year: 2020,5,38
CRF250RALLY,SPORT,Year: 2020,6,78
CRF250RALLY,SPORT,Year: 2020,7,64
CRF250RALLY,SPORT,Year: 2020,8,49
CRF250RALLY,SPORT,Year: 2020,9,38
CRF250RALLY,SPORT,Year: 2020,10,41
CRF250RALLY,SPORT,Year: 2020,11,31
CRF250RALLY,SPORT,Year: 2020,12,14
CRF300L,SPORT,Year: 2020,11,77
CRF300L,SPORT,Year: 2020,12,346
CRF300RALLY,SPORT,Year: 2020,12,67
DREAM110i,FAMILY,Year: 2020,2,3
DREAM110i,FAMILY,Year: 2020,4,2
DREAM110i,FAMILY,Year: 2020,6,1
DREAM110i,FAMILY,Year: 2020,8,3
DREAM110i,FAMILY,Year: 2020,9,2
DREAM110i,FAMILY,Year: 2020,11,1
DREAM110i,FAMILY,Year: 2020,12,2
FORZA300,AT,Year: 2020,1,1303
FORZA300,AT,Year: 2020,2,1030
FORZA300,AT,Year: 2020,3,1076
FORZA300,AT,Year: 2020,4,443
FORZA300,AT,Year: 2020,5,655
FORZA300,AT,Year: 2020,6,791
FORZA300,AT,Year: 2020,7,682
FORZA300,AT,Year: 2020,8,352
FORZA300,AT,Year: 2020,9,193
FORZA300,AT,Year: 2020,10,134
FORZA300,AT,Year: 2020,11,97
FORZA300,AT,Year: 2020,12,70
FORZA350,AT,Year: 2020,7,46
FORZA350,AT,Year: 2020,8,1120
FORZA350,AT,Year: 2020,9,1539
FORZA350,AT,Year: 2020,10,1183
FORZA350,AT,Year: 2020,11,1134
FORZA350,AT,Year: 2020,12,1156
MOOVE,AT,Year: 2020,1,27
MOOVE,AT,Year: 2020,2,19
MOOVE,AT,Year: 2020,3,22
MOOVE,AT,Year: 2020,4,8
MOOVE,AT,Year: 2020,5,11
MOOVE,AT,Year: 2020,6,15
MOOVE,AT,Year: 2020,7,18
MOOVE,AT,Year: 2020,8,34
MOOVE,AT,Year: 2020,9,22
MOOVE,AT,Year: 2020,10,16
MOOVE,AT,Year: 2020,11,16
MOOVE,AT,Year: 2020,12,5
MSX GROM,SPORT,Year: 2020,10,22
MSX GROM,SPORT,Year: 2020,11,524
MSX GROM,SPORT,Year: 2020,12,546
MSX125,SPORT,Year: 2020,1,8
MSX125,SPORT,Year: 2020,2,3
MSX125,SPORT,Year: 2020,3,4
MSX125,SPORT,Year: 2020,4,1
MSX125,SPORT,Year: 2020,5,4
MSX125,SPORT,Year: 2020,6,7
MSX125,SPORT,Year: 2020,7,2
MSX125,SPORT,Year: 2020,8,3
MSX125,SPORT,Year: 2020,9,3
MSX125,SPORT,Year: 2020,10,2
MSX125,SPORT,Year: 2020,11,1
MSX125,SPORT,Year: 2020,12,3
MSX125SF,SPORT,Year: 2020,1,1414
MSX125SF,SPORT,Year: 2020,2,1159
MSX125SF,SPORT,Year: 2020,3,1124
MSX125SF,SPORT,Year: 2020,4,646
MSX125SF,SPORT,Year: 2020,5,907
MSX125SF,SPORT,Year: 2020,6,1024
MSX125SF,SPORT,Year: 2020,7,922
MSX125SF,SPORT,Year: 2020,8,876
MSX125SF,SPORT,Year: 2020,9,708
MSX125SF,SPORT,Year: 2020,10,550
MSX125SF,SPORT,Year: 2020,11,393
MSX125SF,SPORT,Year: 2020,12,266
OTHER-HONDA,OTHER,Year: 2020,1,31
OTHER-HONDA,OTHER,Year: 2020,2,8
OTHER-HONDA,OTHER,Year: 2020,3,32
OTHER-HONDA,OTHER,Year: 2020,4,14
OTHER-HONDA,OTHER,Year: 2020,5,15
OTHER-HONDA,OTHER,Year: 2020,6,24
OTHER-HONDA,OTHER,Year: 2020,7,18
OTHER-HONDA,OTHER,Year: 2020,8,34
OTHER-HONDA,OTHER,Year: 2020,9,20
OTHER-HONDA,OTHER,Year: 2020,10,10
OTHER-HONDA,OTHER,Year: 2020,11,5
OTHER-HONDA,OTHER,Year: 2020,12,3
PCX HYBRID,AT,Year: 2020,1,256
PCX HYBRID,AT,Year: 2020,2,186
PCX HYBRID,AT,Year: 2020,3,158
PCX HYBRID,AT,Year: 2020,4,88
PCX HYBRID,AT,Year: 2020,5,93
PCX HYBRID,AT,Year: 2020,6,146
PCX HYBRID,AT,Year: 2020,7,239
PCX HYBRID,AT,Year: 2020,8,301
PCX HYBRID,AT,Year: 2020,9,195
PCX HYBRID,AT,Year: 2020,10,159
PCX HYBRID,AT,Year: 2020,11,193
PCX HYBRID,AT,Year: 2020,12,249
PCX150,AT,Year: 2020,1,9008
PCX150,AT,Year: 2020,2,9101
PCX150,AT,Year: 2020,3,10032
PCX150,AT,Year: 2020,4,5410
PCX150,AT,Year: 2020,5,6774
PCX150,AT,Year: 2020,6,7460
PCX150,AT,Year: 2020,7,8628
PCX150,AT,Year: 2020,8,9755
PCX150,AT,Year: 2020,9,9207
PCX150,AT,Year: 2020,10,8703
PCX150,AT,Year: 2020,11,8224
PCX150,AT,Year: 2020,12,8907
REBEL300,SPORT,Year: 2020,1,97
REBEL300,SPORT,Year: 2020,2,86
REBEL300,SPORT,Year: 2020,3,106
REBEL300,SPORT,Year: 2020,4,54
REBEL300,SPORT,Year: 2020,5,81
REBEL300,SPORT,Year: 2020,6,97
REBEL300,SPORT,Year: 2020,7,77
REBEL300,SPORT,Year: 2020,8,114
REBEL300,SPORT,Year: 2020,9,95
REBEL300,SPORT,Year: 2020,10,86
REBEL300,SPORT,Year: 2020,11,65
REBEL300,SPORT,Year: 2020,12,75
SCOOPY i,AT,Year: 2020,1,14576
SCOOPY i,AT,Year: 2020,2,14438
SCOOPY i,AT,Year: 2020,3,16070
SCOOPY i,AT,Year: 2020,4,6917
SCOOPY i,AT,Year: 2020,5,9728
SCOOPY i,AT,Year: 2020,6,14008
SCOOPY i,AT,Year: 2020,7,15592
SCOOPY i,AT,Year: 2020,8,15560
SCOOPY i,AT,Year: 2020,9,14356
SCOOPY i,AT,Year: 2020,10,12607
SCOOPY i,AT,Year: 2020,11,11611
SCOOPY i,AT,Year: 2020,12,14944
SUPER CUB,FAMILY,Year: 2020,1,3954
SUPER CUB,FAMILY,Year: 2020,2,3882
SUPER CUB,FAMILY,Year: 2020,3,3964
SUPER CUB,FAMILY,Year: 2020,4,2065
SUPER CUB,FAMILY,Year: 2020,5,2711
SUPER CUB,FAMILY,Year: 2020,6,3338
SUPER CUB,FAMILY,Year: 2020,7,3134
SUPER CUB,FAMILY,Year: 2020,8,2474
SUPER CUB,FAMILY,Year: 2020,9,1552
SUPER CUB,FAMILY,Year: 2020,10,2787
SUPER CUB,FAMILY,Year: 2020,11,2704
SUPER CUB,FAMILY,Year: 2020,12,2861
WAVE110i,FAMILY,Year: 2020,1,51218
WAVE110i,FAMILY,Year: 2020,2,46720
WAVE110i,FAMILY,Year: 2020,3,48145
WAVE110i,FAMILY,Year: 2020,4,26412
WAVE110i,FAMILY,Year: 2020,5,33910
WAVE110i,FAMILY,Year: 2020,6,44118
WAVE110i,FAMILY,Year: 2020,7,46722
WAVE110i,FAMILY,Year: 2020,8,48716
WAVE110i,FAMILY,Year: 2020,9,45546
WAVE110i,FAMILY,Year: 2020,10,42777
WAVE110i,FAMILY,Year: 2020,11,40081
WAVE110i,FAMILY,Year: 2020,12,39860
WAVE125i,FAMILY,Year: 2020,1,14230
WAVE125i,FAMILY,Year: 2020,2,13610
WAVE125i,FAMILY,Year: 2020,3,14750
WAVE125i,FAMILY,Year: 2020,4,7584
WAVE125i,FAMILY,Year: 2020,5,9887
WAVE125i,FAMILY,Year: 2020,6,12894
WAVE125i,FAMILY,Year: 2020,7,15769
WAVE125i,FAMILY,Year: 2020,8,17284
WAVE125i,FAMILY,Year: 2020,9,16719
WAVE125i,FAMILY,Year: 2020,10,15556
WAVE125i,FAMILY,Year: 2020,11,14611
WAVE125i,FAMILY,Year: 2020,12,15159
ZOOMER-X,AT,Year: 2020,1,1454
ZOOMER-X,AT,Year: 2020,2,1400
ZOOMER-X,AT,Year: 2020,3,1633
ZOOMER-X,AT,Year: 2020,4,642
ZOOMER-X,AT,Year: 2020,5,975
ZOOMER-X,AT,Year: 2020,6,1511
ZOOMER-X,AT,Year: 2020,7,1394
ZOOMER-X,AT,Year: 2020,8,1284
ZOOMER-X,AT,Year: 2020,9,807
ZOOMER-X,AT,Year: 2020,10,911
ZOOMER-X,AT,Year: 2020,11,989
ZOOMER-X,AT,Year: 2020,12,868
ADV150,AT,Year: 2021,1,1310
ADV150,AT,Year: 2021,2,1179
ADV150,AT,Year: 2021,3,1834
ADV150,AT,Year: 2021,4,1324
ADV150,AT,Year: 2021,5,1585
ADV150,AT,Year: 2021,6,1187
ADV150,AT,Year: 2021,7,791
ADV150,AT,Year: 2021,8,911
ADV150,AT,Year: 2021,9,1171
ADV150,AT,Year: 2021,10,1237
ADV150,AT,Year: 2021,11,932
ADV150,AT,Year: 2021,12,480
CB150R,SPORT,Year: 2021,1,218
CB150R,SPORT,Year: 2021,2,240
CB150R,SPORT,Year: 2021,3,188
CB150R,SPORT,Year: 2021,4,174
CB150R,SPORT,Year: 2021,5,157
CB150R,SPORT,Year: 2021,6,224
CB150R,SPORT,Year: 2021,7,139
CB150R,SPORT,Year: 2021,8,184
CB150R,SPORT,Year: 2021,9,168
CB150R,SPORT,Year: 2021,10,146
CB150R,SPORT,Year: 2021,11,158
CB150R,SPORT,Year: 2021,12,181
CB300F,SPORT,Year: 2021,1,4
CB300F,SPORT,Year: 2021,2,6
CB300F,SPORT,Year: 2021,3,5
CB300F,SPORT,Year: 2021,4,1
CB300F,SPORT,Year: 2021,6,4
CB300F,SPORT,Year: 2021,7,2
CB300F,SPORT,Year: 2021,8,2
CB300F,SPORT,Year: 2021,9,1
CB300F,SPORT,Year: 2021,10,5
CB300F,SPORT,Year: 2021,11,4
CB300F,SPORT,Year: 2021,12,3
CB300R,SPORT,Year: 2021,1,103
CB300R,SPORT,Year: 2021,2,29
CB300R,SPORT,Year: 2021,3,60
CB300R,SPORT,Year: 2021,4,34
CB300R,SPORT,Year: 2021,5,270
CB300R,SPORT,Year: 2021,6,73
CB300R,SPORT,Year: 2021,7,20
CB300R,SPORT,Year: 2021,8,66
CB300R,SPORT,Year: 2021,9,14
CB300R,SPORT,Year: 2021,10,19
CB300R,SPORT,Year: 2021,11,20
CB300R,SPORT,Year: 2021,12,14
CBR150,SPORT,Year: 2021,1,17
CBR150,SPORT,Year: 2021,2,14
CBR150,SPORT,Year: 2021,3,14
CBR150,SPORT,Year: 2021,4,16
CBR150,SPORT,Year: 2021,5,11
CBR150,SPORT,Year: 2021,6,30
CBR150,SPORT,Year: 2021,7,13
CBR150,SPORT,Year: 2021,8,10
CBR150,SPORT,Year: 2021,9,19
CBR150,SPORT,Year: 2021,10,12
CBR150,SPORT,Year: 2021,11,8
CBR150,SPORT,Year: 2021,12,8
CBR150R,SPORT,Year: 2021,1,485
CBR150R,SPORT,Year: 2021,2,472
CBR150R,SPORT,Year: 2021,3,545
CBR150R,SPORT,Year: 2021,4,431
CBR150R,SPORT,Year: 2021,5,463
CBR150R,SPORT,Year: 2021,6,475
CBR150R,SPORT,Year: 2021,7,295
CBR150R,SPORT,Year: 2021,8,289
CBR150R,SPORT,Year: 2021,9,301
CBR150R,SPORT,Year: 2021,10,472
CBR150R,SPORT,Year: 2021,11,500
CBR150R,SPORT,Year: 2021,12,443
CBR250RR,SPORT,Year: 2021,1,31
CBR250RR,SPORT,Year: 2021,2,30
CBR250RR,SPORT,Year: 2021,3,45
CBR250RR,SPORT,Year: 2021,4,28
CBR250RR,SPORT,Year: 2021,5,31
CBR250RR,SPORT,Year: 2021,6,34
CBR250RR,SPORT,Year: 2021,7,21
CBR250RR,SPORT,Year: 2021,8,16
CBR250RR,SPORT,Year: 2021,9,16
CBR250RR,SPORT,Year: 2021,10,17
CBR250RR,SPORT,Year: 2021,11,19
CBR250RR,SPORT,Year: 2021,12,17
CBR300R,SPORT,Year: 2021,1,26
CBR300R,SPORT,Year: 2021,2,25
CBR300R,SPORT,Year: 2021,3,22
CBR300R,SPORT,Year: 2021,4,13
CBR300R,SPORT,Year: 2021,5,17
CBR300R,SPORT,Year: 2021,6,19
CBR300R,SPORT,Year: 2021,7,28
CBR300R,SPORT,Year: 2021,8,14
CBR300R,SPORT,Year: 2021,9,9
CBR300R,SPORT,Year: 2021,10,12
CBR300R,SPORT,Year: 2021,11,12
CBR300R,SPORT,Year: 2021,12,15
CLICK125i,AT,Year: 2021,1,3799
CLICK125i,AT,Year: 2021,2,3289
CLICK125i,AT,Year: 2021,3,3948
CLICK125i,AT,Year: 2021,4,3089
CLICK125i,AT,Year: 2021,5,3178
CLICK125i,AT,Year: 2021,6,3223
CLICK125i,AT,Year: 2021,7,2146
CLICK125i,AT,Year: 2021,8,2083
CLICK125i,AT,Year: 2021,9,2198
CLICK125i,AT,Year: 2021,10,2076
CLICK125i,AT,Year: 2021,11,1854
CLICK125i,AT,Year: 2021,12,2005
CLICK150i,AT,Year: 2021,1,6652
CLICK150i,AT,Year: 2021,2,4549
CLICK150i,AT,Year: 2021,3,5303
CLICK150i,AT,Year: 2021,4,5214
CLICK150i,AT,Year: 2021,5,5250
CLICK150i,AT,Year: 2021,6,5577
CLICK150i,AT,Year: 2021,7,2631
CLICK150i,AT,Year: 2021,8,2329
CLICK150i,AT,Year: 2021,9,2299
CLICK150i,AT,Year: 2021,10,3510
CLICK150i,AT,Year: 2021,11,6449
CLICK150i,AT,Year: 2021,12,7116
CRF250L,SPORT,Year: 2021,1,11
CRF250L,SPORT,Year: 2021,2,2
CRF250L,SPORT,Year: 2021,3,3
CRF250L,SPORT,Year: 2021,4,1
CRF250L,SPORT,Year: 2021,5,2
CRF250L,SPORT,Year: 2021,6,1
CRF250L,SPORT,Year: 2021,7,2
CRF250L,SPORT,Year: 2021,8,2
CRF250L,SPORT,Year: 2021,9,2
CRF250L,SPORT,Year: 2021,12,1
CRF250RALLY,SPORT,Year: 2021,1,6
CRF250RALLY,SPORT,Year: 2021,2,8
CRF250RALLY,SPORT,Year: 2021,3,1
CRF250RALLY,SPORT,Year: 2021,4,1
CRF250RALLY,SPORT,Year: 2021,5,3
CRF250RALLY,SPORT,Year: 2021,6,7
CRF250RALLY,SPORT,Year: 2021,7,3
CRF250RALLY,SPORT,Year: 2021,8,2
CRF250RALLY,SPORT,Year: 2021,9,4
CRF250RALLY,SPORT,Year: 2021,11,3
CRF250RALLY,SPORT,Year: 2021,12,4
CRF300L,SPORT,Year: 2021,1,452
CRF300L,SPORT,Year: 2021,2,392
CRF300L,SPORT,Year: 2021,3,589
CRF300L,SPORT,Year: 2021,4,366
CRF300L,SPORT,Year: 2021,5,513
CRF300L,SPORT,Year: 2021,6,672
CRF300L,SPORT,Year: 2021,7,552
CRF300L,SPORT,Year: 2021,8,518
CRF300L,SPORT,Year: 2021,9,825
CRF300L,SPORT,Year: 2021,10,731
CRF300L,SPORT,Year: 2021,11,736
CRF300L,SPORT,Year: 2021,12,598
CRF300RALLY,SPORT,Year: 2021,1,102
CRF300RALLY,SPORT,Year: 2021,2,81
CRF300RALLY,SPORT,Year: 2021,3,97
CRF300RALLY,SPORT,Year: 2021,4,63
CRF300RALLY,SPORT,Year: 2021,5,76
CRF300RALLY,SPORT,Year: 2021,6,124
CRF300RALLY,SPORT,Year: 2021,7,91
CRF300RALLY,SPORT,Year: 2021,8,78
CRF300RALLY,SPORT,Year: 2021,9,84
CRF300RALLY,SPORT,Year: 2021,10,58
CRF300RALLY,SPORT,Year: 2021,11,52
CRF300RALLY,SPORT,Year: 2021,12,52
DREAM110i,FAMILY,Year: 2021,1,1
DREAM110i,FAMILY,Year: 2021,2,2
DREAM110i,FAMILY,Year: 2021,3,1
DREAM110i,FAMILY,Year: 2021,5,1
DREAM110i,FAMILY,Year: 2021,6,11
DREAM110i,FAMILY,Year: 2021,8,1
DREAM110i,FAMILY,Year: 2021,10,1
FORZA300,AT,Year: 2021,1,55
FORZA300,AT,Year: 2021,2,47
FORZA300,AT,Year: 2021,3,39
FORZA300,AT,Year: 2021,4,34
FORZA300,AT,Year: 2021,5,33
FORZA300,AT,Year: 2021,6,25
FORZA300,AT,Year: 2021,7,25
FORZA300,AT,Year: 2021,8,24
FORZA300,AT,Year: 2021,9,26
FORZA300,AT,Year: 2021,10,19
FORZA300,AT,Year: 2021,11,22
FORZA300,AT,Year: 2021,12,25
FORZA350,AT,Year: 2021,1,1598
FORZA350,AT,Year: 2021,2,1464
FORZA350,AT,Year: 2021,3,1862
FORZA350,AT,Year: 2021,4,1402
FORZA350,AT,Year: 2021,5,1360
FORZA350,AT,Year: 2021,6,1494
FORZA350,AT,Year: 2021,7,1226
FORZA350,AT,Year: 2021,8,1796
FORZA350,AT,Year: 2021,9,2463
FORZA350,AT,Year: 2021,10,2379
FORZA350,AT,Year: 2021,11,2896
FORZA350,AT,Year: 2021,12,2166
LEAD125,AT,Year: 2021,4,263
LEAD125,AT,Year: 2021,5,628
LEAD125,AT,Year: 2021,6,370
LEAD125,AT,Year: 2021,7,111
LEAD125,AT,Year: 2021,8,943
LEAD125,AT,Year: 2021,9,1021
LEAD125,AT,Year: 2021,10,1357
LEAD125,AT,Year: 2021,11,1808
LEAD125,AT,Year: 2021,12,1025
MOOVE,AT,Year: 2021,1,6
MOOVE,AT,Year: 2021,2,2
MOOVE,AT,Year: 2021,3,2
MOOVE,AT,Year: 2021,4,1
MOOVE,AT,Year: 2021,7,4
MOOVE,AT,Year: 2021,8,2
MOOVE,AT,Year: 2021,9,1
MOOVE,AT,Year: 2021,11,1
MOOVE,AT,Year: 2021,12,2
MSX GROM,SPORT,Year: 2021,1,793
MSX GROM,SPORT,Year: 2021,2,475
MSX GROM,SPORT,Year: 2021,3,929
MSX GROM,SPORT,Year: 2021,4,737
MSX GROM,SPORT,Year: 2021,5,559
MSX GROM,SPORT,Year: 2021,6,624
MSX GROM,SPORT,Year: 2021,7,391
MSX GROM,SPORT,Year: 2021,8,416
MSX GROM,SPORT,Year: 2021,9,501
MSX GROM,SPORT,Year: 2021,10,442
MSX GROM,SPORT,Year: 2021,11,434
MSX GROM,SPORT,Year: 2021,12,386
MSX125,SPORT,Year: 2021,1,2
MSX125,SPORT,Year: 2021,2,3
MSX125,SPORT,Year: 2021,4,1
MSX125,SPORT,Year: 2021,6,6
MSX125,SPORT,Year: 2021,7,1
MSX125,SPORT,Year: 2021,8,1
MSX125,SPORT,Year: 2021,9,8
MSX125,SPORT,Year: 2021,11,2
MSX125SF,SPORT,Year: 2021,1,230
MSX125SF,SPORT,Year: 2021,2,215
MSX125SF,SPORT,Year: 2021,3,198
MSX125SF,SPORT,Year: 2021,4,131
MSX125SF,SPORT,Year: 2021,5,127
MSX125SF,SPORT,Year: 2021,6,89
MSX125SF,SPORT,Year: 2021,7,69
MSX125SF,SPORT,Year: 2021,8,69
MSX125SF,SPORT,Year: 2021,9,79
MSX125SF,SPORT,Year: 2021,10,75
MSX125SF,SPORT,Year: 2021,11,89
MSX125SF,SPORT,Year: 2021,12,77
OTHER-HONDA,OTHER,Year: 2021,1,22
OTHER-HONDA,OTHER,Year: 2021,2,6
OTHER-HONDA,OTHER,Year: 2021,3,23
OTHER-HONDA,OTHER,Year: 2021,4,23
OTHER-HONDA,OTHER,Year: 2021,5,25
OTHER-HONDA,OTHER,Year: 2021,6,32
OTHER-HONDA,OTHER,Year: 2021,7,7
OTHER-HONDA,OTHER,Year: 2021,8,14
OTHER-HONDA,OTHER,Year: 2021,9,19
OTHER-HONDA,OTHER,Year: 2021,10,34
OTHER-HONDA,OTHER,Year: 2021,11,25
OTHER-HONDA,OTHER,Year: 2021,12,18
PCX e:HEV,AT,Year: 2021,1,20
PCX e:HEV,AT,Year: 2021,2,47
PCX e:HEV,AT,Year: 2021,3,56
PCX e:HEV,AT,Year: 2021,4,37
PCX e:HEV,AT,Year: 2021,5,55
PCX e:HEV,AT,Year: 2021,6,93
PCX e:HEV,AT,Year: 2021,7,73
PCX e:HEV,AT,Year: 2021,8,43
PCX e:HEV,AT,Year: 2021,9,36
PCX e:HEV,AT,Year: 2021,10,116
PCX e:HEV,AT,Year: 2021,11,57
PCX e:HEV,AT,Year: 2021,12,74
PCX HYBRID,AT,Year: 2021,1,324
PCX HYBRID,AT,Year: 2021,2,196
PCX HYBRID,AT,Year: 2021,3,134
PCX HYBRID,AT,Year: 2021,4,88
PCX HYBRID,AT,Year: 2021,5,86
PCX HYBRID,AT,Year: 2021,6,48
PCX HYBRID,AT,Year: 2021,7,25
PCX HYBRID,AT,Year: 2021,8,29
PCX HYBRID,AT,Year: 2021,9,24
PCX HYBRID,AT,Year: 2021,10,21
PCX HYBRID,AT,Year: 2021,11,10
PCX HYBRID,AT,Year: 2021,12,10
PCX150,AT,Year: 2021,1,7631
PCX150,AT,Year: 2021,2,3768
PCX150,AT,Year: 2021,3,1822
PCX150,AT,Year: 2021,4,650
PCX150,AT,Year: 2021,5,362
PCX150,AT,Year: 2021,6,217
PCX150,AT,Year: 2021,7,81
PCX150,AT,Year: 2021,8,48
PCX150,AT,Year: 2021,9,37
PCX150,AT,Year: 2021,10,24
PCX150,AT,Year: 2021,11,27
PCX150,AT,Year: 2021,12,15
PCX160,AT,Year: 2021,1,2554
PCX160,AT,Year: 2021,2,8064
PCX160,AT,Year: 2021,3,12575
PCX160,AT,Year: 2021,4,10165
PCX160,AT,Year: 2021,5,10576
PCX160,AT,Year: 2021,6,11942
PCX160,AT,Year: 2021,7,8158
PCX160,AT,Year: 2021,8,6010
PCX160,AT,Year: 2021,9,5758
PCX160,AT,Year: 2021,10,5637
PCX160,AT,Year: 2021,11,9260
PCX160,AT,Year: 2021,12,10442
REBEL300,SPORT,Year: 2021,1,53
REBEL300,SPORT,Year: 2021,2,63
REBEL300,SPORT,Year: 2021,3,64
REBEL300,SPORT,Year: 2021,4,42
REBEL300,SPORT,Year: 2021,5,71
REBEL300,SPORT,Year: 2021,6,69
REBEL300,SPORT,Year: 2021,7,56
REBEL300,SPORT,Year: 2021,8,57
REBEL300,SPORT,Year: 2021,9,58
REBEL300,SPORT,Year: 2021,10,66
REBEL300,SPORT,Year: 2021,11,71
REBEL300,SPORT,Year: 2021,12,65
SCOOPY i,AT,Year: 2021,1,17460
SCOOPY i,AT,Year: 2021,2,15964
SCOOPY i,AT,Year: 2021,3,19953
SCOOPY i,AT,Year: 2021,4,13195
SCOOPY i,AT,Year: 2021,5,14860
SCOOPY i,AT,Year: 2021,6,18871
SCOOPY i,AT,Year: 2021,7,12459
SCOOPY i,AT,Year: 2021,8,9802
SCOOPY i,AT,Year: 2021,9,10024
SCOOPY i,AT,Year: 2021,10,11037
SCOOPY i,AT,Year: 2021,11,17336
SCOOPY i,AT,Year: 2021,12,19953
SUPER CUB,FAMILY,Year: 2021,1,3499
SUPER CUB,FAMILY,Year: 2021,2,3216
SUPER CUB,FAMILY,Year: 2021,3,3726
SUPER CUB,FAMILY,Year: 2021,4,2903
SUPER CUB,FAMILY,Year: 2021,5,3145
SUPER CUB,FAMILY,Year: 2021,6,3203
SUPER CUB,FAMILY,Year: 2021,7,2505
SUPER CUB,FAMILY,Year: 2021,8,2192
SUPER CUB,FAMILY,Year: 2021,9,2387
SUPER CUB,FAMILY,Year: 2021,10,1740
SUPER CUB,FAMILY,Year: 2021,11,1440
SUPER CUB,FAMILY,Year: 2021,12,1166
WAVE110i,FAMILY,Year: 2021,1,39598
WAVE110i,FAMILY,Year: 2021,2,41281
WAVE110i,FAMILY,Year: 2021,3,56361
WAVE110i,FAMILY,Year: 2021,4,46188
WAVE110i,FAMILY,Year: 2021,5,47402
WAVE110i,FAMILY,Year: 2021,6,54714
WAVE110i,FAMILY,Year: 2021,7,40780
WAVE110i,FAMILY,Year: 2021,8,34749
WAVE110i,FAMILY,Year: 2021,9,36104
WAVE110i,FAMILY,Year: 2021,10,38581
WAVE110i,FAMILY,Year: 2021,11,45852
WAVE110i,FAMILY,Year: 2021,12,48798
WAVE125i,FAMILY,Year: 2021,1,17694
WAVE125i,FAMILY,Year: 2021,2,16445
WAVE125i,FAMILY,Year: 2021,3,20377
WAVE125i,FAMILY,Year: 2021,4,14708
WAVE125i,FAMILY,Year: 2021,5,17414
WAVE125i,FAMILY,Year: 2021,6,19953
WAVE125i,FAMILY,Year: 2021,7,13277
WAVE125i,FAMILY,Year: 2021,8,11282
WAVE125i,FAMILY,Year: 2021,9,12843
WAVE125i,FAMILY,Year: 2021,10,12187
WAVE125i,FAMILY,Year: 2021,11,17709
WAVE125i,FAMILY,Year: 2021,12,19090
ZOOMER-X,AT,Year: 2021,1,962
ZOOMER-X,AT,Year: 2021,2,906
ZOOMER-X,AT,Year: 2021,3,1197
ZOOMER-X,AT,Year: 2021,4,840
ZOOMER-X,AT,Year: 2021,5,1018
ZOOMER-X,AT,Year: 2021,6,1022
ZOOMER-X,AT,Year: 2021,7,709
ZOOMER-X,AT,Year: 2021,8,614
ZOOMER-X,AT,Year: 2021,9,619
ZOOMER-X,AT,Year: 2021,10,597
ZOOMER-X,AT,Year: 2021,11,568
ZOOMER-X,AT,Year: 2021,12,466
ADV150,AT,Year: 2022,1,311
ADV150,AT,Year: 2022,2,540
ADV150,AT,Year: 2022,3,881
ADV150,AT,Year: 2022,4,798
ADV150,AT,Year: 2022,5,581
ADV150,AT,Year: 2022,6,447
ADV150,AT,Year: 2022,7,108
ADV150,AT,Year: 2022,8,53
ADV150,AT,Year: 2022,9,16
ADV150,AT,Year: 2022,10,12
ADV150,AT,Year: 2022,11,8
ADV150,AT,Year: 2022,12,4
ADV160,AT,Year: 2022,10,83
ADV160,AT,Year: 2022,11,623
ADV160,AT,Year: 2022,12,1445
ADV350,AT,Year: 2022,3,13
ADV350,AT,Year: 2022,4,278
ADV350,AT,Year: 2022,5,428
ADV350,AT,Year: 2022,6,828
ADV350,AT,Year: 2022,7,680
ADV350,AT,Year: 2022,8,522
ADV350,AT,Year: 2022,9,437
ADV350,AT,Year: 2022,10,514
ADV350,AT,Year: 2022,11,384
ADV350,AT,Year: 2022,12,397
CB150R,SPORT,Year: 2022,1,198
CB150R,SPORT,Year: 2022,2,246
CB150R,SPORT,Year: 2022,3,213
CB150R,SPORT,Year: 2022,4,100
CB150R,SPORT,Year: 2022,5,159
CB150R,SPORT,Year: 2022,6,93
CB150R,SPORT,Year: 2022,7,123
CB150R,SPORT,Year: 2022,8,95
CB150R,SPORT,Year: 2022,9,70
CB150R,SPORT,Year: 2022,10,146
CB150R,SPORT,Year: 2022,11,158
CB150R,SPORT,Year: 2022,12,185
CB300F,SPORT,Year: 2022,1,2
CB300F,SPORT,Year: 2022,2,2
CB300F,SPORT,Year: 2022,4,3
CB300F,SPORT,Year: 2022,5,1
CB300F,SPORT,Year: 2022,6,2
CB300F,SPORT,Year: 2022,7,7
CB300F,SPORT,Year: 2022,8,3
CB300F,SPORT,Year: 2022,9,3
CB300F,SPORT,Year: 2022,10,2
CB300F,SPORT,Year: 2022,11,1
CB300F,SPORT,Year: 2022,12,1
CB300R,SPORT,Year: 2022,1,25
CB300R,SPORT,Year: 2022,2,11
CB300R,SPORT,Year: 2022,3,12
CB300R,SPORT,Year: 2022,4,10
CB300R,SPORT,Year: 2022,5,19
CB300R,SPORT,Year: 2022,6,8
CB300R,SPORT,Year: 2022,7,12
CB300R,SPORT,Year: 2022,8,29
CB300R,SPORT,Year: 2022,9,48
CB300R,SPORT,Year: 2022,10,35
CB300R,SPORT,Year: 2022,11,57
CB300R,SPORT,Year: 2022,12,30
CBR150,SPORT,Year: 2022,1,13
CBR150,SPORT,Year: 2022,2,12
CBR150,SPORT,Year: 2022,3,16
CBR150,SPORT,Year: 2022,4,6
CBR150,SPORT,Year: 2022,5,11
CBR150,SPORT,Year: 2022,6,10
CBR150,SPORT,Year: 2022,7,7
CBR150,SPORT,Year: 2022,8,13
CBR150,SPORT,Year: 2022,9,11
CBR150,SPORT,Year: 2022,10,7
CBR150,SPORT,Year: 2022,11,4
CBR150,SPORT,Year: 2022,12,4
CBR150R,SPORT,Year: 2022,1,335
CBR150R,SPORT,Year: 2022,2,351
CBR150R,SPORT,Year: 2022,3,320
CBR150R,SPORT,Year: 2022,4,196
CBR150R,SPORT,Year: 2022,5,296
CBR150R,SPORT,Year: 2022,6,298
CBR150R,SPORT,Year: 2022,7,223
CBR150R,SPORT,Year: 2022,8,239
CBR150R,SPORT,Year: 2022,9,182
CBR150R,SPORT,Year: 2022,10,130
CBR150R,SPORT,Year: 2022,11,242
CBR150R,SPORT,Year: 2022,12,252
CBR250RR,SPORT,Year: 2022,1,13
CBR250RR,SPORT,Year: 2022,2,7
CBR250RR,SPORT,Year: 2022,3,45
CBR250RR,SPORT,Year: 2022,4,20
CBR250RR,SPORT,Year: 2022,5,48
CBR250RR,SPORT,Year: 2022,6,40
CBR250RR,SPORT,Year: 2022,7,20
CBR250RR,SPORT,Year: 2022,8,29
CBR250RR,SPORT,Year: 2022,9,11
CBR250RR,SPORT,Year: 2022,10,7
CBR250RR,SPORT,Year: 2022,11,6
CBR250RR,SPORT,Year: 2022,12,8
CBR300R,SPORT,Year: 2022,1,25
CBR300R,SPORT,Year: 2022,2,11
CBR300R,SPORT,Year: 2022,3,18
CBR300R,SPORT,Year: 2022,4,10
CBR300R,SPORT,Year: 2022,5,10
CBR300R,SPORT,Year: 2022,6,9
CBR300R,SPORT,Year: 2022,7,18
CBR300R,SPORT,Year: 2022,8,12
CBR300R,SPORT,Year: 2022,9,36
CBR300R,SPORT,Year: 2022,10,5
CBR300R,SPORT,Year: 2022,11,14
CBR300R,SPORT,Year: 2022,12,10
CLICK125,AT,Year: 2022,11,1003
CLICK125,AT,Year: 2022,12,3348
CLICK125i,AT,Year: 2022,1,2087
CLICK125i,AT,Year: 2022,2,2839
CLICK125i,AT,Year: 2022,3,3475
CLICK125i,AT,Year: 2022,4,2829
CLICK125i,AT,Year: 2022,5,4158
CLICK125i,AT,Year: 2022,6,3902
CLICK125i,AT,Year: 2022,7,2866
CLICK125i,AT,Year: 2022,8,4154
CLICK125i,AT,Year: 2022,9,2144
CLICK125i,AT,Year: 2022,10,1399
CLICK125i,AT,Year: 2022,11,617
CLICK125i,AT,Year: 2022,12,256
CLICK150i,AT,Year: 2022,1,6703
CLICK150i,AT,Year: 2022,2,7504
CLICK150i,AT,Year: 2022,3,8717
CLICK150i,AT,Year: 2022,4,4063
CLICK150i,AT,Year: 2022,5,2905
CLICK150i,AT,Year: 2022,6,1432
CLICK150i,AT,Year: 2022,7,532
CLICK150i,AT,Year: 2022,8,300
CLICK150i,AT,Year: 2022,9,111
CLICK150i,AT,Year: 2022,10,57
CLICK150i,AT,Year: 2022,11,39
CLICK150i,AT,Year: 2022,12,22
CLICK160,AT,Year: 2022,4,1784
CLICK160,AT,Year: 2022,5,6291
CLICK160,AT,Year: 2022,6,6043
CLICK160,AT,Year: 2022,7,5486
CLICK160,AT,Year: 2022,8,6230
CLICK160,AT,Year: 2022,9,6050
CLICK160,AT,Year: 2022,10,5792
CLICK160,AT,Year: 2022,11,6317
CLICK160,AT,Year: 2022,12,6818
CRF250L,SPORT,Year: 2022,1,1
CRF250L,SPORT,Year: 2022,3,2
CRF250L,SPORT,Year: 2022,5,1
CRF250L,SPORT,Year: 2022,6,3
CRF250L,SPORT,Year: 2022,7,1
CRF250RALLY,SPORT,Year: 2022,1,4
CRF250RALLY,SPORT,Year: 2022,2,4
CRF250RALLY,SPORT,Year: 2022,3,1
CRF250RALLY,SPORT,Year: 2022,4,3
CRF250RALLY,SPORT,Year: 2022,6,7
CRF250RALLY,SPORT,Year: 2022,7,3
CRF250RALLY,SPORT,Year: 2022,8,3
CRF250RALLY,SPORT,Year: 2022,9,1
CRF250RALLY,SPORT,Year: 2022,10,2
CRF250RALLY,SPORT,Year: 2022,11,1
CRF250RALLY,SPORT,Year: 2022,12,1
CRF300L,SPORT,Year: 2022,1,697
CRF300L,SPORT,Year: 2022,2,603
CRF300L,SPORT,Year: 2022,3,697
CRF300L,SPORT,Year: 2022,4,488
CRF300L,SPORT,Year: 2022,5,391
CRF300L,SPORT,Year: 2022,6,140
CRF300L,SPORT,Year: 2022,7,77
CRF300L,SPORT,Year: 2022,8,710
CRF300L,SPORT,Year: 2022,9,660
CRF300L,SPORT,Year: 2022,10,724
CRF300L,SPORT,Year: 2022,11,620
CRF300L,SPORT,Year: 2022,12,622
CRF300RALLY,SPORT,Year: 2022,1,39
CRF300RALLY,SPORT,Year: 2022,2,21
CRF300RALLY,SPORT,Year: 2022,3,13
CRF300RALLY,SPORT,Year: 2022,4,7
CRF300RALLY,SPORT,Year: 2022,5,19
CRF300RALLY,SPORT,Year: 2022,6,12
CRF300RALLY,SPORT,Year: 2022,7,5
CRF300RALLY,SPORT,Year: 2022,8,2
CRF300RALLY,SPORT,Year: 2022,9,1
CRF300RALLY,SPORT,Year: 2022,12,29
DREAM110i,FAMILY,Year: 2022,6,1
DREAM110i,FAMILY,Year: 2022,11,1
FORZA300,AT,Year: 2022,1,20
FORZA300,AT,Year: 2022,2,31
FORZA300,AT,Year: 2022,3,27
FORZA300,AT,Year: 2022,4,21
FORZA300,AT,Year: 2022,5,10
FORZA300,AT,Year: 2022,6,13
FORZA300,AT,Year: 2022,7,4
FORZA300,AT,Year: 2022,8,8
FORZA300,AT,Year: 2022,9,6
FORZA300,AT,Year: 2022,10,6
FORZA300,AT,Year: 2022,11,4
FORZA300,AT,Year: 2022,12,1
FORZA350,AT,Year: 2022,1,1804
FORZA350,AT,Year: 2022,2,1346
FORZA350,AT,Year: 2022,3,2352
FORZA350,AT,Year: 2022,4,1441
FORZA350,AT,Year: 2022,5,2112
FORZA350,AT,Year: 2022,6,1933
FORZA350,AT,Year: 2022,7,2103
FORZA350,AT,Year: 2022,8,2186
FORZA350,AT,Year: 2022,9,1586
FORZA350,AT,Year: 2022,10,1208
FORZA350,AT,Year: 2022,11,2518
FORZA350,AT,Year: 2022,12,2043
LEAD125,AT,Year: 2022,1,2612
LEAD125,AT,Year: 2022,2,2476
LEAD125,AT,Year: 2022,3,2641
LEAD125,AT,Year: 2022,4,2638
LEAD125,AT,Year: 2022,5,5015
LEAD125,AT,Year: 2022,6,5353
LEAD125,AT,Year: 2022,7,2165
LEAD125,AT,Year: 2022,8,2394
LEAD125,AT,Year: 2022,9,1468
LEAD125,AT,Year: 2022,10,763
LEAD125,AT,Year: 2022,11,738
LEAD125,AT,Year: 2022,12,1277
MOOVE,AT,Year: 2022,1,1
MOOVE,AT,Year: 2022,2,1
MOOVE,AT,Year: 2022,3,1
MOOVE,AT,Year: 2022,5,4
MOOVE,AT,Year: 2022,6,1
MOOVE,AT,Year: 2022,7,2
MOOVE,AT,Year: 2022,8,1
MSX GROM,SPORT,Year: 2022,1,293
MSX GROM,SPORT,Year: 2022,2,241
MSX GROM,SPORT,Year: 2022,3,203
MSX GROM,SPORT,Year: 2022,4,158
MSX GROM,SPORT,Year: 2022,5,219
MSX GROM,SPORT,Year: 2022,6,124
MSX GROM,SPORT,Year: 2022,7,100
MSX GROM,SPORT,Year: 2022,8,60
MSX GROM,SPORT,Year: 2022,9,33
MSX GROM,SPORT,Year: 2022,10,32
MSX GROM,SPORT,Year: 2022,11,83
MSX GROM,SPORT,Year: 2022,12,94
MSX125,SPORT,Year: 2022,1,3
MSX125,SPORT,Year: 2022,2,1
MSX125,SPORT,Year: 2022,3,6
MSX125,SPORT,Year: 2022,4,2
MSX125,SPORT,Year: 2022,6,3
MSX125,SPORT,Year: 2022,8,2
MSX125,SPORT,Year: 2022,9,2
MSX125,SPORT,Year: 2022,10,1
MSX125,SPORT,Year: 2022,11,2
MSX125,SPORT,Year: 2022,12,1
MSX125SF,SPORT,Year: 2022,1,82
MSX125SF,SPORT,Year: 2022,2,113
MSX125SF,SPORT,Year: 2022,3,100
MSX125SF,SPORT,Year: 2022,4,73
MSX125SF,SPORT,Year: 2022,5,100
MSX125SF,SPORT,Year: 2022,6,86
MSX125SF,SPORT,Year: 2022,7,60
MSX125SF,SPORT,Year: 2022,8,64
MSX125SF,SPORT,Year: 2022,9,49
MSX125SF,SPORT,Year: 2022,10,32
MSX125SF,SPORT,Year: 2022,11,21
MSX125SF,SPORT,Year: 2022,12,6
OTHER-HONDA,OTHER,Year: 2022,1,27
OTHER-HONDA,OTHER,Year: 2022,2,15
OTHER-HONDA,OTHER,Year: 2022,3,26
OTHER-HONDA,OTHER,Year: 2022,4,20
OTHER-HONDA,OTHER,Year: 2022,5,65
OTHER-HONDA,OTHER,Year: 2022,6,36
OTHER-HONDA,OTHER,Year: 2022,7,24
OTHER-HONDA,OTHER,Year: 2022,8,28
OTHER-HONDA,OTHER,Year: 2022,9,39
OTHER-HONDA,OTHER,Year: 2022,10,17
OTHER-HONDA,OTHER,Year: 2022,11,10
OTHER-HONDA,OTHER,Year: 2022,12,31
PCX e:HEV,AT,Year: 2022,1,131
PCX e:HEV,AT,Year: 2022,2,125
PCX e:HEV,AT,Year: 2022,3,153
PCX e:HEV,AT,Year: 2022,4,133
PCX e:HEV,AT,Year: 2022,5,148
PCX e:HEV,AT,Year: 2022,6,145
PCX e:HEV,AT,Year: 2022,7,45
PCX e:HEV,AT,Year: 2022,8,16
PCX e:HEV,AT,Year: 2022,9,44
PCX e:HEV,AT,Year: 2022,10,17
PCX e:HEV,AT,Year: 2022,11,87
PCX e:HEV,AT,Year: 2022,12,168
PCX HYBRID,AT,Year: 2022,1,5
PCX HYBRID,AT,Year: 2022,2,3
PCX HYBRID,AT,Year: 2022,3,3
PCX HYBRID,AT,Year: 2022,4,1
PCX HYBRID,AT,Year: 2022,5,3
PCX HYBRID,AT,Year: 2022,6,2
PCX HYBRID,AT,Year: 2022,7,3
PCX HYBRID,AT,Year: 2022,8,1
PCX HYBRID,AT,Year: 2022,10,1
PCX HYBRID,AT,Year: 2022,11,2
PCX150,AT,Year: 2022,1,5
PCX150,AT,Year: 2022,2,9
PCX150,AT,Year: 2022,3,5
PCX150,AT,Year: 2022,4,4
PCX150,AT,Year: 2022,5,15
PCX150,AT,Year: 2022,6,14
PCX150,AT,Year: 2022,7,3
PCX150,AT,Year: 2022,8,3
PCX150,AT,Year: 2022,9,8
PCX150,AT,Year: 2022,10,2
PCX150,AT,Year: 2022,11,1
PCX150,AT,Year: 2022,12,2
PCX160,AT,Year: 2022,1,11048
PCX160,AT,Year: 2022,2,11876
PCX160,AT,Year: 2022,3,13551
PCX160,AT,Year: 2022,4,10939
PCX160,AT,Year: 2022,5,13749
PCX160,AT,Year: 2022,6,16545
PCX160,AT,Year: 2022,7,10041
PCX160,AT,Year: 2022,8,13906
PCX160,AT,Year: 2022,9,12795
PCX160,AT,Year: 2022,10,10881
PCX160,AT,Year: 2022,11,12423
PCX160,AT,Year: 2022,12,12676
REBEL300,SPORT,Year: 2022,1,42
REBEL300,SPORT,Year: 2022,2,49
REBEL300,SPORT,Year: 2022,3,36
REBEL300,SPORT,Year: 2022,4,32
REBEL300,SPORT,Year: 2022,5,52
REBEL300,SPORT,Year: 2022,6,38
REBEL300,SPORT,Year: 2022,7,22
REBEL300,SPORT,Year: 2022,8,32
REBEL300,SPORT,Year: 2022,9,17
REBEL300,SPORT,Year: 2022,10,14
REBEL300,SPORT,Year: 2022,11,9
REBEL300,SPORT,Year: 2022,12,36
SCOOPY i,AT,Year: 2022,1,18193
SCOOPY i,AT,Year: 2022,2,21732
SCOOPY i,AT,Year: 2022,3,17100
SCOOPY i,AT,Year: 2022,4,10166
SCOOPY i,AT,Year: 2022,5,16042
SCOOPY i,AT,Year: 2022,6,13446
SCOOPY i,AT,Year: 2022,7,2985
SCOOPY i,AT,Year: 2022,8,13720
SCOOPY i,AT,Year: 2022,9,16334
SCOOPY i,AT,Year: 2022,10,17577
SCOOPY i,AT,Year: 2022,11,19882
SCOOPY i,AT,Year: 2022,12,19310
SUPER CUB,FAMILY,Year: 2022,1,1014
SUPER CUB,FAMILY,Year: 2022,2,1741
SUPER CUB,FAMILY,Year: 2022,3,1515
SUPER CUB,FAMILY,Year: 2022,4,868
SUPER CUB,FAMILY,Year: 2022,5,732
SUPER CUB,FAMILY,Year: 2022,6,308
SUPER CUB,FAMILY,Year: 2022,7,95
SUPER CUB,FAMILY,Year: 2022,8,65
SUPER CUB,FAMILY,Year: 2022,9,694
SUPER CUB,FAMILY,Year: 2022,10,826
SUPER CUB,FAMILY,Year: 2022,11,2593
SUPER CUB,FAMILY,Year: 2022,12,2061
WAVE110i,FAMILY,Year: 2022,1,46591
WAVE110i,FAMILY,Year: 2022,2,39841
WAVE110i,FAMILY,Year: 2022,3,34975
WAVE110i,FAMILY,Year: 2022,4,33309
WAVE110i,FAMILY,Year: 2022,5,43180
WAVE110i,FAMILY,Year: 2022,6,54773
WAVE110i,FAMILY,Year: 2022,7,48355
WAVE110i,FAMILY,Year: 2022,8,56261
WAVE110i,FAMILY,Year: 2022,9,50406
WAVE110i,FAMILY,Year: 2022,10,45061
WAVE110i,FAMILY,Year: 2022,11,46889
WAVE110i,FAMILY,Year: 2022,12,42008
WAVE125i,FAMILY,Year: 2022,1,21094
WAVE125i,FAMILY,Year: 2022,2,24006
WAVE125i,FAMILY,Year: 2022,3,29021
WAVE125i,FAMILY,Year: 2022,4,23290
WAVE125i,FAMILY,Year: 2022,5,28117
WAVE125i,FAMILY,Year: 2022,6,25603
WAVE125i,FAMILY,Year: 2022,7,22031
WAVE125i,FAMILY,Year: 2022,8,23598
WAVE125i,FAMILY,Year: 2022,9,17869
WAVE125i,FAMILY,Year: 2022,10,15851
WAVE125i,FAMILY,Year: 2022,11,20873
WAVE125i,FAMILY,Year: 2022,12,20293
ZOOMER-X,AT,Year: 2022,1,461
ZOOMER-X,AT,Year: 2022,2,489
ZOOMER-X,AT,Year: 2022,3,466
ZOOMER-X,AT,Year: 2022,4,308
ZOOMER-X,AT,Year: 2022,5,286
ZOOMER-X,AT,Year: 2022,6,215
ZOOMER-X,AT,Year: 2022,7,71
ZOOMER-X,AT,Year: 2022,8,39
ZOOMER-X,AT,Year: 2022,9,19
ZOOMER-X,AT,Year: 2022,10,160
ZOOMER-X,AT,Year: 2022,11,501
ZOOMER-X,AT,Year: 2022,12,476
ADV150,AT,Year: 2023,1,4
ADV150,AT,Year: 2023,2,2
ADV150,AT,Year: 2023,3,2
ADV150,AT,Year: 2023,4,2
ADV150,AT,Year: 2023,5,1
ADV160,AT,Year: 2023,1,1510
ADV160,AT,Year: 2023,2,1253
ADV160,AT,Year: 2023,3,1627
ADV160,AT,Year: 2023,4,1007
ADV160,AT,Year: 2023,5,97
ADV350,AT,Year: 2023,1,331
ADV350,AT,Year: 2023,2,149
ADV350,AT,Year: 2023,3,358
ADV350,AT,Year: 2023,4,352
ADV350,AT,Year: 2023,5,38
CB150R,SPORT,Year: 2023,1,67
CB150R,SPORT,Year: 2023,2,43
CB150R,SPORT,Year: 2023,3,65
CB150R,SPORT,Year: 2023,4,31
CB150R,SPORT,Year: 2023,5,2
CB300F,SPORT,Year: 2023,1,2
CB300F,SPORT,Year: 2023,3,3
CB300F,SPORT,Year: 2023,4,1
CB300R,SPORT,Year: 2023,1,25
CB300R,SPORT,Year: 2023,2,23
CB300R,SPORT,Year: 2023,3,18
CB300R,SPORT,Year: 2023,4,12
CBR150,SPORT,Year: 2023,1,3
CBR150,SPORT,Year: 2023,2,4
CBR150,SPORT,Year: 2023,3,8
CBR150,SPORT,Year: 2023,4,16
CBR150,SPORT,Year: 2023,5,6
CBR150R,SPORT,Year: 2023,1,268
CBR150R,SPORT,Year: 2023,2,226
CBR150R,SPORT,Year: 2023,3,197
CBR150R,SPORT,Year: 2023,4,118
CBR150R,SPORT,Year: 2023,5,8
CBR250RR,SPORT,Year: 2023,1,9
CBR250RR,SPORT,Year: 2023,2,2
CBR250RR,SPORT,Year: 2023,3,7
CBR250RR,SPORT,Year: 2023,4,2
CBR300R,SPORT,Year: 2023,1,6
CBR300R,SPORT,Year: 2023,2,9
CBR300R,SPORT,Year: 2023,3,7
CBR300R,SPORT,Year: 2023,4,4
CBR300R,SPORT,Year: 2023,5,1
CLICK125,AT,Year: 2023,1,3738
CLICK125,AT,Year: 2023,2,2940
CLICK125,AT,Year: 2023,3,2370
CLICK125,AT,Year: 2023,4,1397
CLICK125,AT,Year: 2023,5,105
CLICK125i,AT,Year: 2023,1,166
CLICK125i,AT,Year: 2023,2,122
CLICK125i,AT,Year: 2023,3,94
CLICK125i,AT,Year: 2023,4,83
CLICK125i,AT,Year: 2023,5,10
CLICK150i,AT,Year: 2023,1,20
CLICK150i,AT,Year: 2023,2,12
CLICK150i,AT,Year: 2023,3,16
CLICK150i,AT,Year: 2023,4,4
CLICK150i,AT,Year: 2023,5,1
CLICK160,AT,Year: 2023,1,6964
CLICK160,AT,Year: 2023,2,8644
CLICK160,AT,Year: 2023,3,9967
CLICK160,AT,Year: 2023,4,5477
CLICK160,AT,Year: 2023,5,541
CRF250L,SPORT,Year: 2023,2,2
CRF250L,SPORT,Year: 2023,3,2
CRF250L,SPORT,Year: 2023,5,7
CRF250RALLY,SPORT,Year: 2023,2,1
CRF300L,SPORT,Year: 2023,1,631
CRF300L,SPORT,Year: 2023,2,515
CRF300L,SPORT,Year: 2023,3,276
CRF300L,SPORT,Year: 2023,4,367
CRF300L,SPORT,Year: 2023,5,34
CRF300RALLY,SPORT,Year: 2023,1,58
CRF300RALLY,SPORT,Year: 2023,2,38
CRF300RALLY,SPORT,Year: 2023,3,20
CRF300RALLY,SPORT,Year: 2023,4,20
CRF300RALLY,SPORT,Year: 2023,5,2
FORZA300,AT,Year: 2023,1,3
FORZA300,AT,Year: 2023,2,2
FORZA300,AT,Year: 2023,4,2
FORZA350,AT,Year: 2023,1,2230
FORZA350,AT,Year: 2023,2,2194
FORZA350,AT,Year: 2023,3,3211
FORZA350,AT,Year: 2023,4,1605
FORZA350,AT,Year: 2023,5,173
LEAD125,AT,Year: 2023,1,2483
LEAD125,AT,Year: 2023,2,3671
LEAD125,AT,Year: 2023,3,6110
LEAD125,AT,Year: 2023,4,4952
LEAD125,AT,Year: 2023,5,450
MSX GROM,SPORT,Year: 2023,1,133
MSX GROM,SPORT,Year: 2023,2,198
MSX GROM,SPORT,Year: 2023,3,115
MSX GROM,SPORT,Year: 2023,4,55
MSX GROM,SPORT,Year: 2023,5,13
MSX125,SPORT,Year: 2023,2,1
MSX125SF,SPORT,Year: 2023,1,10
MSX125SF,SPORT,Year: 2023,2,15
MSX125SF,SPORT,Year: 2023,3,14
MSX125SF,SPORT,Year: 2023,4,9
MSX125SF,SPORT,Year: 2023,5,1
OTHER-HONDA,OTHER,Year: 2023,1,26
OTHER-HONDA,OTHER,Year: 2023,2,26
OTHER-HONDA,OTHER,Year: 2023,3,56
OTHER-HONDA,OTHER,Year: 2023,4,10
OTHER-HONDA,OTHER,Year: 2023,5,2
PCX e:HEV,AT,Year: 2023,1,268
PCX e:HEV,AT,Year: 2023,2,156
PCX e:HEV,AT,Year: 2023,3,115
PCX e:HEV,AT,Year: 2023,4,165
PCX e:HEV,AT,Year: 2023,5,4
PCX HYBRID,AT,Year: 2023,1,2
PCX HYBRID,AT,Year: 2023,2,1
PCX150,AT,Year: 2023,2,2
PCX150,AT,Year: 2023,3,7
PCX150,AT,Year: 2023,4,1
PCX160,AT,Year: 2023,1,14181
PCX160,AT,Year: 2023,2,15167
PCX160,AT,Year: 2023,3,14889
PCX160,AT,Year: 2023,4,9901
PCX160,AT,Year: 2023,5,800
REBEL300,SPORT,Year: 2023,1,81
REBEL300,SPORT,Year: 2023,2,76
REBEL300,SPORT,Year: 2023,3,54
REBEL300,SPORT,Year: 2023,4,28
REBEL300,SPORT,Year: 2023,5,4
SCOOPY i,AT,Year: 2023,1,21271
SCOOPY i,AT,Year: 2023,2,22575
SCOOPY i,AT,Year: 2023,3,24901
SCOOPY i,AT,Year: 2023,4,14523
SCOOPY i,AT,Year: 2023,5,1338
SUPER CUB,FAMILY,Year: 2023,1,2588
SUPER CUB,FAMILY,Year: 2023,2,2022
SUPER CUB,FAMILY,Year: 2023,3,1959
SUPER CUB,FAMILY,Year: 2023,4,1232
SUPER CUB,FAMILY,Year: 2023,5,122
WAVE110i,FAMILY,Year: 2023,1,45052
WAVE110i,FAMILY,Year: 2023,2,44039
WAVE110i,FAMILY,Year: 2023,3,52359
WAVE110i,FAMILY,Year: 2023,4,36684
WAVE110i,FAMILY,Year: 2023,5,3220
WAVE125i,FAMILY,Year: 2023,1,25026
WAVE125i,FAMILY,Year: 2023,2,22515
WAVE125i,FAMILY,Year: 2023,3,23536
WAVE125i,FAMILY,Year: 2023,4,16475
WAVE125i,FAMILY,Year: 2023,5,1352
ZOOMER-X,AT,Year: 2023,1,491
ZOOMER-X,AT,Year: 2023,2,644
ZOOMER-X,AT,Year: 2023,3,728
ZOOMER-X,AT,Year: 2023,4,383
ZOOMER-X,AT,Year: 2023,5,34
